Dataset,Country,Target,Pattern,Rate,Method,MAE,nRMSE,n_rolls_used
COVID19_Study,Bhutan,new_cases,Block,0.1,LOCF,4.037234415433237,0.6388295597737736,3
COVID19_Study,Bhutan,new_cases,Block,0.1,Linear,19.430467763915658,3.8948546418448777,3
COVID19_Study,Bhutan,new_cases,Block,0.1,SAITS,19.25245199325556,2.778265098402502,3
COVID19_Study,Bhutan,new_cases,Block,0.3,LOCF,1.3191731477688466,0.3270205315687461,3
COVID19_Study,Bhutan,new_cases,Block,0.3,Linear,22.528691826920426,5.722619904252883,3
COVID19_Study,Bhutan,new_cases,Block,0.3,SAITS,12.519931481712218,2.6560165032482947,3
COVID19_Study,Bhutan,new_cases,Block,0.5,LOCF,10.449078048180256,2.6574557567304278,3
COVID19_Study,Bhutan,new_cases,Block,0.5,Linear,10.449078048180256,2.6574557567304278,3
COVID19_Study,Bhutan,new_cases,Block,0.5,SAITS,8.680251483495535,1.2811685834152555,3
COVID19_Study,Bhutan,new_cases,Point,0.1,LOCF,15.502024458388664,2.2700867740212405,3
COVID19_Study,Bhutan,new_cases,Point,0.1,Linear,15.508459029586188,2.2935871251544233,3
COVID19_Study,Bhutan,new_cases,Point,0.1,SAITS,10.549219151574496,1.6508232950523622,3
COVID19_Study,Bhutan,new_cases,Point,0.3,LOCF,6.65686192656202,1.0088198841930083,3
COVID19_Study,Bhutan,new_cases,Point,0.3,Linear,10.596602354996971,2.6988518219092392,3
COVID19_Study,Bhutan,new_cases,Point,0.3,SAITS,16.900066026883515,2.43557370989554,3
COVID19_Study,Bhutan,new_cases,Point,0.5,LOCF,21.64443245955876,,3
COVID19_Study,Bhutan,new_cases,Point,0.5,Linear,21.587425585836172,,3
COVID19_Study,Bhutan,new_cases,Point,0.5,SAITS,4.057192376218674,2.056775775779489,3
COVID19_Study,Bhutan,new_cases,Sequence,0.1,LOCF,15.03113199823669,2.200947213214977,3
COVID19_Study,Bhutan,new_cases,Sequence,0.1,Linear,25.621786396418297,3.675933849114032,3
COVID19_Study,Bhutan,new_cases,Sequence,0.1,SAITS,4.045139969626591,0.6392129732162409,3
COVID19_Study,Bhutan,new_cases,Sequence,0.3,LOCF,7.7658419119460245,2.0535654790490288,3
COVID19_Study,Bhutan,new_cases,Sequence,0.3,Linear,13.509764693677425,1.9793940306151412,3
COVID19_Study,Bhutan,new_cases,Sequence,0.3,SAITS,9.220036017417247,2.6223249633923587,3
COVID19_Study,Bhutan,new_cases,Sequence,0.5,LOCF,6.735379676733698,0.9964876863191652,3
COVID19_Study,Bhutan,new_cases,Sequence,0.5,Linear,15.97646229181971,3.3853515046105374,3
COVID19_Study,Bhutan,new_cases,Sequence,0.5,SAITS,32.17413117477372,4.636603722824192,3
COVID19_Study,Czechia,new_cases,Block,0.1,LOCF,2314.699024126998,1.406171037174958,3
COVID19_Study,Czechia,new_cases,Block,0.1,Linear,2563.7100295318023,1.6128749997262828,3
COVID19_Study,Czechia,new_cases,Block,0.1,SAITS,2096.934736545597,1.343512130309287,3
COVID19_Study,Czechia,new_cases,Block,0.3,LOCF,851.061414721821,0.5986369739979838,3
COVID19_Study,Czechia,new_cases,Block,0.3,Linear,2012.836688211986,1.3403394550657275,3
COVID19_Study,Czechia,new_cases,Block,0.3,SAITS,810.448658864413,0.5802415417578257,3
COVID19_Study,Czechia,new_cases,Block,0.5,LOCF,466.23369517390216,0.3508015455155879,3
COVID19_Study,Czechia,new_cases,Block,0.5,Linear,2380.4100415919506,1.5890975253646922,3
COVID19_Study,Czechia,new_cases,Block,0.5,SAITS,1141.763452872202,0.9576149928973346,3
COVID19_Study,Czechia,new_cases,Point,0.1,LOCF,462.3867852240801,0.4589936175878951,3
COVID19_Study,Czechia,new_cases,Point,0.1,Linear,2111.8860555376327,1.588101963663871,3
COVID19_Study,Czechia,new_cases,Point,0.1,SAITS,1251.126127017396,1.1560160693239485,3
COVID19_Study,Czechia,new_cases,Point,0.3,LOCF,2841.4547464017355,2.33194045885593,3
COVID19_Study,Czechia,new_cases,Point,0.3,Linear,769.9172420741191,1.2702035388795283,3
COVID19_Study,Czechia,new_cases,Point,0.3,SAITS,1793.084227819528,1.5117913903169178,3
COVID19_Study,Czechia,new_cases,Point,0.5,LOCF,2425.2315347237245,3.383784184548107,3
COVID19_Study,Czechia,new_cases,Point,0.5,Linear,3131.9997330495285,2.0622744445226546,3
COVID19_Study,Czechia,new_cases,Point,0.5,SAITS,1491.0330058072666,1.7223447730779817,3
COVID19_Study,Czechia,new_cases,Sequence,0.1,LOCF,1922.2736547855395,1.5420290784570005,3
COVID19_Study,Czechia,new_cases,Sequence,0.1,Linear,1032.8019840217062,0.8323596356657689,3
COVID19_Study,Czechia,new_cases,Sequence,0.1,SAITS,1367.2483852372638,1.5969981010843555,3
COVID19_Study,Czechia,new_cases,Sequence,0.3,LOCF,1502.9417746726956,1.2263222993485003,3
COVID19_Study,Czechia,new_cases,Sequence,0.3,Linear,1733.5123640873603,1.8545965548319914,3
COVID19_Study,Czechia,new_cases,Sequence,0.3,SAITS,754.0197269927801,0.6577871132829073,3
COVID19_Study,Czechia,new_cases,Sequence,0.5,LOCF,1487.5500422234513,2.2940590452984644,3
COVID19_Study,Czechia,new_cases,Sequence,0.5,Linear,494.1651471118842,0.8765521408087962,3
COVID19_Study,Czechia,new_cases,Sequence,0.5,SAITS,1387.7094343200254,1.7102332521336474,3
COVID19_Study,Montenegro,new_cases,Block,0.1,LOCF,77.40341034691248,0.31896244093493775,3
COVID19_Study,Montenegro,new_cases,Block,0.1,Linear,77.40341034691248,0.31896244093493775,3
COVID19_Study,Montenegro,new_cases,Block,0.1,SAITS,77.40334795873527,0.3189624939969652,3
COVID19_Study,Montenegro,new_cases,Block,0.3,LOCF,118.74425552971661,0.3608380162511892,3
COVID19_Study,Montenegro,new_cases,Block,0.3,Linear,118.74425552971661,0.3608380162511892,3
COVID19_Study,Montenegro,new_cases,Block,0.3,SAITS,118.74425537106124,0.41761967122741145,3
COVID19_Study,Montenegro,new_cases,Block,0.5,LOCF,114.70805783037629,0.3374637222101284,3
COVID19_Study,Montenegro,new_cases,Block,0.5,Linear,114.70805783037629,0.3374637222101284,3
COVID19_Study,Montenegro,new_cases,Block,0.5,SAITS,114.70772023084282,0.3374639947385943,3
COVID19_Study,Montenegro,new_cases,Point,0.1,LOCF,160.59348960486906,0.38166306224166024,3
COVID19_Study,Montenegro,new_cases,Point,0.1,Linear,160.6600386489715,0.4064694188845927,3
COVID19_Study,Montenegro,new_cases,Point,0.1,SAITS,97.53263170970033,0.31279889978848696,3
COVID19_Study,Montenegro,new_cases,Point,0.3,LOCF,190.42840479846512,0.43463694547444026,3
COVID19_Study,Montenegro,new_cases,Point,0.3,Linear,148.33819382052337,0.3956525858699643,3
COVID19_Study,Montenegro,new_cases,Point,0.3,SAITS,122.32512542388369,0.35304209989156515,3
COVID19_Study,Montenegro,new_cases,Point,0.5,LOCF,148.49541977686542,,3
COVID19_Study,Montenegro,new_cases,Point,0.5,Linear,146.24842254897314,,3
COVID19_Study,Montenegro,new_cases,Point,0.5,SAITS,74.16204497934034,0.4389502983039573,3
COVID19_Study,Montenegro,new_cases,Sequence,0.1,LOCF,130.36371079938752,0.49540070568111966,3
COVID19_Study,Montenegro,new_cases,Sequence,0.1,Linear,100.66956174852592,0.32295630583691326,3
COVID19_Study,Montenegro,new_cases,Sequence,0.1,SAITS,143.17374428398867,0.34896620827735925,3
COVID19_Study,Montenegro,new_cases,Sequence,0.3,LOCF,71.60437677561173,0.287741292166616,3
COVID19_Study,Montenegro,new_cases,Sequence,0.3,Linear,61.193434298836756,0.29826134844922786,3
COVID19_Study,Montenegro,new_cases,Sequence,0.3,SAITS,94.2117807474798,0.3545936958720908,3
COVID19_Study,Montenegro,new_cases,Sequence,0.5,LOCF,106.30986500305256,0.4592517655870005,3
COVID19_Study,Montenegro,new_cases,Sequence,0.5,Linear,90.03908221210752,0.3395834815456308,3
COVID19_Study,Montenegro,new_cases,Sequence,0.5,SAITS,107.27881068592875,0.29197213002068484,3
COVID19_Study,Sierra Leone,new_cases,Block,0.1,LOCF,1.1935921226228987,,3
COVID19_Study,Sierra Leone,new_cases,Block,0.1,Linear,1.1935921226228987,,3
COVID19_Study,Sierra Leone,new_cases,Block,0.1,SAITS,2.5299135115194242,,3
COVID19_Study,Sierra Leone,new_cases,Block,0.3,LOCF,2.535939301763262,,3
COVID19_Study,Sierra Leone,new_cases,Block,0.3,Linear,1.6742377621786935,,3
COVID19_Study,Sierra Leone,new_cases,Block,0.3,SAITS,0.3967671165637694,,3
COVID19_Study,Sierra Leone,new_cases,Block,0.5,LOCF,9.90855804511479,,3
COVID19_Study,Sierra Leone,new_cases,Block,0.5,Linear,1.9525769778660365,,3
COVID19_Study,Sierra Leone,new_cases,Block,0.5,SAITS,0.12544220847822934,,3
COVID19_Study,Sierra Leone,new_cases,Point,0.1,LOCF,0.7405490534646171,,3
COVID19_Study,Sierra Leone,new_cases,Point,0.1,Linear,3.227466344833374,,3
COVID19_Study,Sierra Leone,new_cases,Point,0.1,SAITS,1.9495090529832575,,3
COVID19_Study,Sierra Leone,new_cases,Point,0.3,LOCF,0.9548823322568621,,3
COVID19_Study,Sierra Leone,new_cases,Point,0.3,Linear,3.159371188708714,,3
COVID19_Study,Sierra Leone,new_cases,Point,0.3,SAITS,0.6225850231929542,1.7196092036741628,3
COVID19_Study,Sierra Leone,new_cases,Point,0.5,LOCF,0.5617178125040871,,3
COVID19_Study,Sierra Leone,new_cases,Point,0.5,Linear,1.7926844102995736,,3
COVID19_Study,Sierra Leone,new_cases,Point,0.5,SAITS,1.4235793844427138,3.171874207267358,3
COVID19_Study,Sierra Leone,new_cases,Sequence,0.1,LOCF,2.5193736808640614,,3
COVID19_Study,Sierra Leone,new_cases,Sequence,0.1,Linear,2.2044272933687483,,3
COVID19_Study,Sierra Leone,new_cases,Sequence,0.1,SAITS,2.3934978484840763,,3
COVID19_Study,Sierra Leone,new_cases,Sequence,0.3,LOCF,1.857957627092089,,3
COVID19_Study,Sierra Leone,new_cases,Sequence,0.3,Linear,1.5909639852387565,,3
COVID19_Study,Sierra Leone,new_cases,Sequence,0.3,SAITS,0.41469006226429883,1.5428367912553274,3
COVID19_Study,Sierra Leone,new_cases,Sequence,0.5,LOCF,2.1516111493110657,,3
COVID19_Study,Sierra Leone,new_cases,Sequence,0.5,Linear,1.0754879031862532,,3
COVID19_Study,Sierra Leone,new_cases,Sequence,0.5,SAITS,1.9221378313293778,3.322570652032704,3
COVID19_Study,Spain,new_cases,Block,0.1,LOCF,6445.9412501864135,1.1172445442387806,3
COVID19_Study,Spain,new_cases,Block,0.1,Linear,6445.9412501864135,1.1172445442387806,3
COVID19_Study,Spain,new_cases,Block,0.1,SAITS,6445.942060559057,1.117245044027552,3
COVID19_Study,Spain,new_cases,Block,0.3,LOCF,3852.401016023542,0.6860991958931402,3
COVID19_Study,Spain,new_cases,Block,0.3,Linear,3852.401016023542,0.6860991958931402,3
COVID19_Study,Spain,new_cases,Block,0.3,SAITS,3852.4038364589214,0.6860999676093593,3
COVID19_Study,Spain,new_cases,Block,0.5,LOCF,4218.879130430786,0.8060175091926111,3
COVID19_Study,Spain,new_cases,Block,0.5,Linear,4218.879130430786,0.8060175091926111,3
COVID19_Study,Spain,new_cases,Block,0.5,SAITS,4218.868201098588,0.806017945388196,3
COVID19_Study,Spain,new_cases,Point,0.1,LOCF,4003.8743047921785,0.7324274281113011,3
COVID19_Study,Spain,new_cases,Point,0.1,Linear,1804.6154240784902,0.36323929058637217,3
COVID19_Study,Spain,new_cases,Point,0.1,SAITS,4573.648278871535,0.7237500203359383,3
COVID19_Study,Spain,new_cases,Point,0.3,LOCF,4750.149678953258,0.934353826187163,3
COVID19_Study,Spain,new_cases,Point,0.3,Linear,5818.833702307194,1.026238133784871,3
COVID19_Study,Spain,new_cases,Point,0.3,SAITS,3081.7989454607346,0.5578290223687221,3
COVID19_Study,Spain,new_cases,Point,0.5,LOCF,5053.872461428599,,3
COVID19_Study,Spain,new_cases,Point,0.5,Linear,2226.1286722771997,,3
COVID19_Study,Spain,new_cases,Point,0.5,SAITS,3614.943030051521,0.7270374886526917,3
COVID19_Study,Spain,new_cases,Sequence,0.1,LOCF,5617.290797210698,1.0309263591324833,3
COVID19_Study,Spain,new_cases,Sequence,0.1,Linear,3131.9858169153863,0.543025691563321,3
COVID19_Study,Spain,new_cases,Sequence,0.1,SAITS,3571.4033594704897,0.6420290132695877,3
COVID19_Study,Spain,new_cases,Sequence,0.3,LOCF,5411.564613354525,0.9276341291793867,3
COVID19_Study,Spain,new_cases,Sequence,0.3,Linear,3866.738023603069,0.6944200619576278,3
COVID19_Study,Spain,new_cases,Sequence,0.3,SAITS,1917.4841257925145,0.4394131409693905,3
COVID19_Study,Spain,new_cases,Sequence,0.5,LOCF,4108.846062287688,0.8359746303468677,3
COVID19_Study,Spain,new_cases,Sequence,0.5,Linear,2493.5978929762327,0.48493650454743936,3
COVID19_Study,Spain,new_cases,Sequence,0.5,SAITS,2569.486140429508,0.5133341143652991,3
Influenza_Study,Brazil,INF_ALL,Block,0.1,LOCF,87.1433928096667,0.5769108500919329,3
Influenza_Study,Brazil,INF_ALL,Block,0.1,Linear,90.13890479132533,0.40021731894950274,3
Influenza_Study,Brazil,INF_ALL,Block,0.1,SAITS,121.58774307629858,0.5909073081672952,3
Influenza_Study,Brazil,INF_ALL,Block,0.3,LOCF,104.5092433176469,0.7900977375630063,3
Influenza_Study,Brazil,INF_ALL,Block,0.3,Linear,88.26271868753247,0.6818143504830952,3
Influenza_Study,Brazil,INF_ALL,Block,0.3,SAITS,98.0698795823846,0.4883649914834104,3
Influenza_Study,Brazil,INF_ALL,Block,0.5,LOCF,107.2015749491984,0.5364731303745701,3
Influenza_Study,Brazil,INF_ALL,Block,0.5,Linear,69.19729383662343,0.5363074102322224,3
Influenza_Study,Brazil,INF_ALL,Block,0.5,SAITS,125.23622975335456,0.8631725171333408,3
Influenza_Study,Brazil,INF_ALL,Point,0.1,LOCF,112.05673554725945,0.7470305329985291,3
Influenza_Study,Brazil,INF_ALL,Point,0.1,Linear,102.10118093097117,0.7720213744824975,3
Influenza_Study,Brazil,INF_ALL,Point,0.1,SAITS,103.97010621648315,0.6135107762634481,3
Influenza_Study,Brazil,INF_ALL,Point,0.3,LOCF,140.49393692682497,0.711731360654739,3
Influenza_Study,Brazil,INF_ALL,Point,0.3,Linear,94.89690042566508,0.7466138404286703,3
Influenza_Study,Brazil,INF_ALL,Point,0.3,SAITS,95.16796401811582,0.8009297362271783,3
Influenza_Study,Brazil,INF_ALL,Point,0.5,LOCF,193.18487835722044,2.317743649133666,3
Influenza_Study,Brazil,INF_ALL,Point,0.5,Linear,104.90322269654521,2.216724619965006,3
Influenza_Study,Brazil,INF_ALL,Point,0.5,SAITS,109.47350237077751,0.6612710183873157,3
Influenza_Study,Brazil,INF_ALL,Sequence,0.1,LOCF,141.8925766563043,1.139550121066582,3
Influenza_Study,Brazil,INF_ALL,Sequence,0.1,Linear,89.52527577495202,0.7963354017437211,3
Influenza_Study,Brazil,INF_ALL,Sequence,0.1,SAITS,79.06373093468301,0.6269127706771069,3
Influenza_Study,Brazil,INF_ALL,Sequence,0.3,LOCF,137.08294410817325,1.0297103474421996,3
Influenza_Study,Brazil,INF_ALL,Sequence,0.3,Linear,79.19820903395302,0.5107662670156569,3
Influenza_Study,Brazil,INF_ALL,Sequence,0.3,SAITS,53.28077498890672,0.28201100841782334,3
Influenza_Study,Brazil,INF_ALL,Sequence,0.5,LOCF,130.97270843898878,0.7979102159770721,3
Influenza_Study,Brazil,INF_ALL,Sequence,0.5,Linear,67.60663101319224,0.6011792194854138,3
Influenza_Study,Brazil,INF_ALL,Sequence,0.5,SAITS,51.36634405434597,0.3200087417425138,3
Influenza_Study,Brazil,RSV,Block,0.1,LOCF,8.930119477212429,0.7409633064247365,3
Influenza_Study,Brazil,RSV,Block,0.1,Linear,20.356290690600872,2.257735581283532,3
Influenza_Study,Brazil,RSV,Block,0.1,SAITS,7.549572776793326,0.7080320343310537,3
Influenza_Study,Brazil,RSV,Block,0.3,LOCF,10.639058608561754,0.6522063497992763,3
Influenza_Study,Brazil,RSV,Block,0.3,Linear,10.639058608561754,0.6522063497992763,3
Influenza_Study,Brazil,RSV,Block,0.3,SAITS,7.416445562339149,0.5770080112494069,3
Influenza_Study,Brazil,RSV,Block,0.5,LOCF,10.639058608561754,0.6522063497992763,3
Influenza_Study,Brazil,RSV,Block,0.5,Linear,10.639058608561754,0.6522063497992763,3
Influenza_Study,Brazil,RSV,Block,0.5,SAITS,21.03752910282617,2.0085156336019336,3
Influenza_Study,Brazil,RSV,Point,0.1,LOCF,10.759531326591969,0.6747310503529741,3
Influenza_Study,Brazil,RSV,Point,0.1,Linear,10.51557489670813,0.8080872046780726,3
Influenza_Study,Brazil,RSV,Point,0.1,SAITS,7.3009285172203136,0.6667477903631378,3
Influenza_Study,Brazil,RSV,Point,0.3,LOCF,9.221742819994688,0.6697660253557856,3
Influenza_Study,Brazil,RSV,Point,0.3,Linear,10.349705079570413,0.6879495231234555,3
Influenza_Study,Brazil,RSV,Point,0.3,SAITS,5.053647107124334,0.6467433848076664,3
Influenza_Study,Brazil,RSV,Point,0.5,LOCF,10.863131582736969,0.7129342538454669,3
Influenza_Study,Brazil,RSV,Point,0.5,Linear,11.160633891820908,0.5688512352481714,3
Influenza_Study,Brazil,RSV,Point,0.5,SAITS,6.6354446535149805,0.9396243937603598,3
Influenza_Study,Brazil,RSV,Sequence,0.1,LOCF,6.807393211871386,0.7245415616681565,3
Influenza_Study,Brazil,RSV,Sequence,0.1,Linear,10.074218194559217,0.6790547603723501,3
Influenza_Study,Brazil,RSV,Sequence,0.1,SAITS,3.191032362241515,0.47852723150702325,3
Influenza_Study,Brazil,RSV,Sequence,0.3,LOCF,6.348095461726189,0.5111080269604269,3
Influenza_Study,Brazil,RSV,Sequence,0.3,Linear,9.827425930276513,0.5742438942600976,3
Influenza_Study,Brazil,RSV,Sequence,0.3,SAITS,3.2436523804974513,0.4811114367480546,3
Influenza_Study,Brazil,RSV,Sequence,0.5,LOCF,9.160481384024024,0.5352623833480122,3
Influenza_Study,Brazil,RSV,Sequence,0.5,Linear,8.557148779183626,0.9141823752858029,3
Influenza_Study,Brazil,RSV,Sequence,0.5,SAITS,4.748176609256319,0.5384248644892994,3
Influenza_Study,Germany,INF_ALL,Block,0.1,LOCF,12.266521625220776,,3
Influenza_Study,Germany,INF_ALL,Block,0.1,Linear,8.489753313362598,0.9463729109660839,3
Influenza_Study,Germany,INF_ALL,Block,0.1,SAITS,5.109539057705405,1.5633937485594518,3
Influenza_Study,Germany,INF_ALL,Block,0.3,LOCF,8.539940668269992,5.076412935999888,3
Influenza_Study,Germany,INF_ALL,Block,0.3,Linear,4.185040896758437,1.9875890932154372,3
Influenza_Study,Germany,INF_ALL,Block,0.3,SAITS,8.003322579869836,3.073670003702753,3
Influenza_Study,Germany,INF_ALL,Block,0.5,LOCF,2.518072262406349,2.0372111044250247,3
Influenza_Study,Germany,INF_ALL,Block,0.5,Linear,2.518072262406349,2.0372111044250247,3
Influenza_Study,Germany,INF_ALL,Block,0.5,SAITS,3.913915455509824,1.9661451409039705,3
Influenza_Study,Germany,INF_ALL,Point,0.1,LOCF,3.4080707039684057,3.3577691976063773,3
Influenza_Study,Germany,INF_ALL,Point,0.1,Linear,7.261449301615357,7.137231637868086,3
Influenza_Study,Germany,INF_ALL,Point,0.1,SAITS,4.423998429236631,3.0250709109146947,3
Influenza_Study,Germany,INF_ALL,Point,0.3,LOCF,4.722213307395577,2.550543840490471,3
Influenza_Study,Germany,INF_ALL,Point,0.3,Linear,8.386460300534964,5.750472960584252,3
Influenza_Study,Germany,INF_ALL,Point,0.3,SAITS,4.044005342865082,0.4095260973625146,3
Influenza_Study,Germany,INF_ALL,Point,0.5,LOCF,2.646466687321662,0.8984955457412194,3
Influenza_Study,Germany,INF_ALL,Point,0.5,Linear,4.154645748436451,8.894830089805625,3
Influenza_Study,Germany,INF_ALL,Point,0.5,SAITS,4.041467920661259,4.12210099537699,3
Influenza_Study,Germany,INF_ALL,Sequence,0.1,LOCF,7.526819955557585,0.9872626247649562,3
Influenza_Study,Germany,INF_ALL,Sequence,0.1,Linear,7.396706463769078,5.471971925086428,3
Influenza_Study,Germany,INF_ALL,Sequence,0.1,SAITS,5.239674472173654,0.46215379639664056,3
Influenza_Study,Germany,INF_ALL,Sequence,0.3,LOCF,7.5388574581593275,1.7687891411722252,3
Influenza_Study,Germany,INF_ALL,Sequence,0.3,Linear,9.499344168230891,7.226278684897635,3
Influenza_Study,Germany,INF_ALL,Sequence,0.3,SAITS,3.1990835293399633,2.4811998172625596,3
Influenza_Study,Germany,INF_ALL,Sequence,0.5,LOCF,7.531064854934812,,3
Influenza_Study,Germany,INF_ALL,Sequence,0.5,Linear,8.704164359718561,1.1022052897440975,3
Influenza_Study,Germany,INF_ALL,Sequence,0.5,SAITS,1.1990019369945182,0.3595800332845373,3
Influenza_Study,Germany,RSV,Block,0.1,LOCF,0.4216682268306613,,3
Influenza_Study,Germany,RSV,Block,0.1,Linear,1.1451746858656406,2.4027502358918182,3
Influenza_Study,Germany,RSV,Block,0.1,SAITS,0.3923705578208461,0.4151033430286466,3
Influenza_Study,Germany,RSV,Block,0.3,LOCF,0.6606341144070029,0.5617429451602435,3
Influenza_Study,Germany,RSV,Block,0.3,Linear,0.6606341144070029,0.5617429451602435,3
Influenza_Study,Germany,RSV,Block,0.3,SAITS,1.489060334928805,1.0394207804721103,3
Influenza_Study,Germany,RSV,Block,0.5,LOCF,0.6787508483976126,0.3442048663359527,3
Influenza_Study,Germany,RSV,Block,0.5,Linear,0.6844224249944091,0.4548096385014368,3
Influenza_Study,Germany,RSV,Block,0.5,SAITS,0.1849820668179749,0.44538182261903075,3
Influenza_Study,Germany,RSV,Point,0.1,LOCF,0.6088510677218437,0.8773732887581467,3
Influenza_Study,Germany,RSV,Point,0.1,Linear,0.9792026057839394,0.8699909519723678,3
Influenza_Study,Germany,RSV,Point,0.1,SAITS,0.7778435247133029,0.9937648908382911,3
Influenza_Study,Germany,RSV,Point,0.3,LOCF,0.4657329944893718,0.6563890509282427,3
Influenza_Study,Germany,RSV,Point,0.3,Linear,1.6291736755520105,2.8668645677010223,3
Influenza_Study,Germany,RSV,Point,0.3,SAITS,0.4863047876537294,0.4544643507913075,3
Influenza_Study,Germany,RSV,Point,0.5,LOCF,0.8116675745695829,1.7622215095938294,3
Influenza_Study,Germany,RSV,Point,0.5,Linear,1.4304493879899383,2.9757726161465365,3
Influenza_Study,Germany,RSV,Point,0.5,SAITS,0.7052054651967934,0.9454585013173215,3
Influenza_Study,Germany,RSV,Sequence,0.1,LOCF,1.3762834407389164,2.9839652477770393,3
Influenza_Study,Germany,RSV,Sequence,0.1,Linear,0.837001109495759,0.7251519430309147,3
Influenza_Study,Germany,RSV,Sequence,0.1,SAITS,0.6419203053928175,1.073299284566492,3
Influenza_Study,Germany,RSV,Sequence,0.3,LOCF,0.9118793793022633,1.7723165917072619,3
Influenza_Study,Germany,RSV,Sequence,0.3,Linear,1.3274270072579384,0.47572398657774184,3
Influenza_Study,Germany,RSV,Sequence,0.3,SAITS,0.7393454667028578,0.769378685750678,3
Influenza_Study,Germany,RSV,Sequence,0.5,LOCF,1.3624271029839292,,3
Influenza_Study,Germany,RSV,Sequence,0.5,Linear,0.5483758344780654,,3
Influenza_Study,Germany,RSV,Sequence,0.5,SAITS,0.640605702010455,0.37813021121758056,3
Influenza_Study,India,INF_ALL,Block,0.1,LOCF,21.545748978853226,0.457858306425121,3
Influenza_Study,India,INF_ALL,Block,0.1,Linear,37.78663018764928,0.6208652256758289,3
Influenza_Study,India,INF_ALL,Block,0.1,SAITS,41.338749098897324,0.5256617323366064,3
Influenza_Study,India,INF_ALL,Block,0.3,LOCF,20.301627116743475,0.4371190461113179,3
Influenza_Study,India,INF_ALL,Block,0.3,Linear,31.731809527380392,0.5358320530958859,3
Influenza_Study,India,INF_ALL,Block,0.3,SAITS,20.478738612360445,0.47908557124637885,3
Influenza_Study,India,INF_ALL,Block,0.5,LOCF,25.778734812512994,0.5686347413278625,3
Influenza_Study,India,INF_ALL,Block,0.5,Linear,25.778734812512994,0.5686347413278625,3
Influenza_Study,India,INF_ALL,Block,0.5,SAITS,28.693135450900144,0.6170965808880677,3
Influenza_Study,India,INF_ALL,Point,0.1,LOCF,20.815050000324845,0.48405807996455674,3
Influenza_Study,India,INF_ALL,Point,0.1,Linear,19.93014183966443,0.46948933316858726,3
Influenza_Study,India,INF_ALL,Point,0.1,SAITS,23.98340776698312,0.5002934077085317,3
Influenza_Study,India,INF_ALL,Point,0.3,LOCF,24.857521718833596,0.6673085322201107,3
Influenza_Study,India,INF_ALL,Point,0.3,Linear,20.641625224146992,0.48196127682037754,3
Influenza_Study,India,INF_ALL,Point,0.3,SAITS,28.949941383857173,0.5198688083844946,3
Influenza_Study,India,INF_ALL,Point,0.5,LOCF,28.4807509300299,0.7250911664904105,3
Influenza_Study,India,INF_ALL,Point,0.5,Linear,19.087154056411237,0.4493944079892614,3
Influenza_Study,India,INF_ALL,Point,0.5,SAITS,20.27191833301825,0.5003183963058283,3
Influenza_Study,India,INF_ALL,Sequence,0.1,LOCF,21.633801297750324,0.49929890778698005,3
Influenza_Study,India,INF_ALL,Sequence,0.1,Linear,20.913775346707553,0.4855157230621172,3
Influenza_Study,India,INF_ALL,Sequence,0.1,SAITS,19.83277593469304,0.462505602710208,3
Influenza_Study,India,INF_ALL,Sequence,0.3,LOCF,29.939489416778088,0.7232589938738012,3
Influenza_Study,India,INF_ALL,Sequence,0.3,Linear,27.64140972448513,0.836926873514192,3
Influenza_Study,India,INF_ALL,Sequence,0.3,SAITS,13.047009451240669,0.5664921104018731,3
Influenza_Study,India,INF_ALL,Sequence,0.5,LOCF,35.49333191057667,0.5380836421162656,3
Influenza_Study,India,INF_ALL,Sequence,0.5,Linear,35.375862028915435,0.5615425363660556,3
Influenza_Study,India,INF_ALL,Sequence,0.5,SAITS,11.704487133934402,0.5585065076004059,3
Influenza_Study,India,RSV,Block,0.1,LOCF,23.959201940335333,0.5529154732461534,3
Influenza_Study,India,RSV,Block,0.1,Linear,23.959201940335333,0.5529154732461534,3
Influenza_Study,India,RSV,Block,0.1,SAITS,23.495497764088213,0.5060069302379803,3
Influenza_Study,India,RSV,Block,0.3,LOCF,23.72537779714912,0.5494233062234313,3
Influenza_Study,India,RSV,Block,0.3,Linear,23.72537779714912,0.5494233062234313,3
Influenza_Study,India,RSV,Block,0.3,SAITS,23.978538151364774,0.5532381220205956,3
Influenza_Study,India,RSV,Block,0.5,LOCF,23.72537779714912,0.5494233062234313,3
Influenza_Study,India,RSV,Block,0.5,Linear,23.72537779714912,0.5494233062234313,3
Influenza_Study,India,RSV,Block,0.5,SAITS,23.727375610964373,0.43266937845507675,3
Influenza_Study,India,RSV,Point,0.1,LOCF,23.77391348546371,0.552014917202356,3
Influenza_Study,India,RSV,Point,0.1,Linear,24.328283886425197,0.5576818742133482,3
Influenza_Study,India,RSV,Point,0.1,SAITS,23.8469233697625,0.5561281627509408,3
Influenza_Study,India,RSV,Point,0.3,LOCF,21.656635844148695,0.5510417345478132,3
Influenza_Study,India,RSV,Point,0.3,Linear,23.323403691872954,0.5667965835934552,3
Influenza_Study,India,RSV,Point,0.3,SAITS,18.433098134584725,0.5012163417524013,3
Influenza_Study,India,RSV,Point,0.5,LOCF,26.093848319724202,0.6568986678065984,3
Influenza_Study,India,RSV,Point,0.5,Linear,22.176228256896138,0.5672691694077987,3
Influenza_Study,India,RSV,Point,0.5,SAITS,18.60348985882657,0.4801422582255839,3
Influenza_Study,India,RSV,Sequence,0.1,LOCF,23.701346399262547,0.5830632322938747,3
Influenza_Study,India,RSV,Sequence,0.1,Linear,23.681877658236772,0.5487713358962125,3
Influenza_Study,India,RSV,Sequence,0.1,SAITS,23.66737456298317,0.548250242942032,3
Influenza_Study,India,RSV,Sequence,0.3,LOCF,23.560109743848443,0.5473310230533006,3
Influenza_Study,India,RSV,Sequence,0.3,Linear,22.34896559268236,0.5271112938578388,3
Influenza_Study,India,RSV,Sequence,0.3,SAITS,22.01198705146946,0.5251568163723169,3
Influenza_Study,India,RSV,Sequence,0.5,LOCF,30.48296497017145,0.6034337824772211,3
Influenza_Study,India,RSV,Sequence,0.5,Linear,20.27203032746911,0.5593345662820683,3
Influenza_Study,India,RSV,Sequence,0.5,SAITS,23.49390251012271,0.5453949317396993,3
Influenza_Study,South Africa,INF_ALL,Block,0.1,LOCF,5.751822062768042,0.5714331370997001,3
Influenza_Study,South Africa,INF_ALL,Block,0.1,Linear,9.372470876201987,0.48182820984943203,3
Influenza_Study,South Africa,INF_ALL,Block,0.1,SAITS,7.721658813159807,0.5429101851697722,3
Influenza_Study,South Africa,INF_ALL,Block,0.3,LOCF,4.67505053896457,0.4827784651411438,3
Influenza_Study,South Africa,INF_ALL,Block,0.3,Linear,4.67505053896457,0.4827784651411438,3
Influenza_Study,South Africa,INF_ALL,Block,0.3,SAITS,8.840286647449355,0.6683883675496052,3
Influenza_Study,South Africa,INF_ALL,Block,0.5,LOCF,4.055000506341457,0.4312339735717599,3
Influenza_Study,South Africa,INF_ALL,Block,0.5,Linear,6.847063496708872,0.3665728987235594,3
Influenza_Study,South Africa,INF_ALL,Block,0.5,SAITS,10.40531958525825,0.9338812728819532,3
Influenza_Study,South Africa,INF_ALL,Point,0.1,LOCF,3.07904040068388,0.38462645786670746,3
Influenza_Study,South Africa,INF_ALL,Point,0.1,Linear,3.1166545562446117,0.4450728273189574,3
Influenza_Study,South Africa,INF_ALL,Point,0.1,SAITS,5.483859051200394,0.41762230131000433,3
Influenza_Study,South Africa,INF_ALL,Point,0.3,LOCF,4.326012285426259,0.3643479888074844,3
Influenza_Study,South Africa,INF_ALL,Point,0.3,Linear,3.6967291152104735,0.3907333440325669,3
Influenza_Study,South Africa,INF_ALL,Point,0.3,SAITS,6.000607077875646,0.3823318446056384,3
Influenza_Study,South Africa,INF_ALL,Point,0.5,LOCF,10.13780010677874,1.2093958549955197,3
Influenza_Study,South Africa,INF_ALL,Point,0.5,Linear,6.544112394563854,0.7385574178219105,3
Influenza_Study,South Africa,INF_ALL,Point,0.5,SAITS,3.3484338901332453,0.4217885531315973,3
Influenza_Study,South Africa,INF_ALL,Sequence,0.1,LOCF,3.764438464771956,0.3859939346131307,3
Influenza_Study,South Africa,INF_ALL,Sequence,0.1,Linear,5.328528424911201,0.4863811049377013,3
Influenza_Study,South Africa,INF_ALL,Sequence,0.1,SAITS,4.735423269692731,0.6358028239646187,3
Influenza_Study,South Africa,INF_ALL,Sequence,0.3,LOCF,2.614900645799935,0.3896818813679895,3
Influenza_Study,South Africa,INF_ALL,Sequence,0.3,Linear,2.3430282352492213,0.207206295645599,3
Influenza_Study,South Africa,INF_ALL,Sequence,0.3,SAITS,4.563816841056703,0.6957057102400585,3
Influenza_Study,South Africa,INF_ALL,Sequence,0.5,LOCF,4.773480939678848,0.6489368972359288,3
Influenza_Study,South Africa,INF_ALL,Sequence,0.5,Linear,3.794647387228906,0.5181076121485576,3
Influenza_Study,South Africa,INF_ALL,Sequence,0.5,SAITS,4.255116297216508,0.40018529959446786,3
Influenza_Study,South Africa,RSV,Block,0.1,LOCF,4.079553914256394,0.9870659141956023,3
Influenza_Study,South Africa,RSV,Block,0.1,Linear,2.882265337742865,0.584086124222837,3
Influenza_Study,South Africa,RSV,Block,0.1,SAITS,5.587995005771518,0.8328260743511651,3
Influenza_Study,South Africa,RSV,Block,0.3,LOCF,5.408672862686217,0.7502473972402247,3
Influenza_Study,South Africa,RSV,Block,0.3,Linear,5.408672862686217,0.7502473972402247,3
Influenza_Study,South Africa,RSV,Block,0.3,SAITS,5.472289996221662,0.7082361490216027,3
Influenza_Study,South Africa,RSV,Block,0.5,LOCF,5.408672862686217,0.7502473972402247,3
Influenza_Study,South Africa,RSV,Block,0.5,Linear,5.408672862686217,0.7502473972402247,3
Influenza_Study,South Africa,RSV,Block,0.5,SAITS,2.2912360061891377,0.9285108156777044,3
Influenza_Study,South Africa,RSV,Point,0.1,LOCF,5.390208702534437,0.8051607101082812,3
Influenza_Study,South Africa,RSV,Point,0.1,Linear,5.632826060988009,0.794958784956227,3
Influenza_Study,South Africa,RSV,Point,0.1,SAITS,2.3672096580266953,0.739812236271415,3
Influenza_Study,South Africa,RSV,Point,0.3,LOCF,2.3643830376677215,0.5861963605554129,3
Influenza_Study,South Africa,RSV,Point,0.3,Linear,2.307804950978607,0.6289476931319455,3
Influenza_Study,South Africa,RSV,Point,0.3,SAITS,2.1666641633491963,0.30120050409865784,3
Influenza_Study,South Africa,RSV,Point,0.5,LOCF,2.12705614278093,0.4089521839706911,3
Influenza_Study,South Africa,RSV,Point,0.5,Linear,1.6815164300413534,0.4514705317624814,3
Influenza_Study,South Africa,RSV,Point,0.5,SAITS,1.8089597672224045,0.40034003373940996,3
Influenza_Study,South Africa,RSV,Sequence,0.1,LOCF,5.271267383359373,0.9712641892080905,3
Influenza_Study,South Africa,RSV,Sequence,0.1,Linear,4.57690819632262,0.9785786737310079,3
Influenza_Study,South Africa,RSV,Sequence,0.1,SAITS,2.4079576176591218,0.6282900401019025,3
Influenza_Study,South Africa,RSV,Sequence,0.3,LOCF,2.5607815491966903,1.312815027185267,3
Influenza_Study,South Africa,RSV,Sequence,0.3,Linear,5.25044035539031,1.1242931219520833,3
Influenza_Study,South Africa,RSV,Sequence,0.3,SAITS,2.047203362453729,0.3780527337698287,3
Influenza_Study,South Africa,RSV,Sequence,0.5,LOCF,2.994446635711938,0.5745479962276792,3
Influenza_Study,South Africa,RSV,Sequence,0.5,Linear,1.090730347437784,0.43606190414692525,3
Influenza_Study,South Africa,RSV,Sequence,0.5,SAITS,3.185507225804031,0.45842041048744053,3
Influenza_Study,United States of America,INF_ALL,Block,0.1,LOCF,757.4367944821715,3.6491941413879774,3
Influenza_Study,United States of America,INF_ALL,Block,0.1,Linear,810.9477200713008,3.5469530704061003,3
Influenza_Study,United States of America,INF_ALL,Block,0.1,SAITS,344.9498135842937,2.6228772201337716,3
Influenza_Study,United States of America,INF_ALL,Block,0.3,LOCF,924.1449959045275,1.8534090231461229,3
Influenza_Study,United States of America,INF_ALL,Block,0.3,Linear,171.56846627872437,0.5089211693612707,3
Influenza_Study,United States of America,INF_ALL,Block,0.3,SAITS,436.2167669386058,0.7884455542398376,3
Influenza_Study,United States of America,INF_ALL,Block,0.5,LOCF,932.7755116205662,1.7616642023488378,3
Influenza_Study,United States of America,INF_ALL,Block,0.5,Linear,1693.57505178079,0.8426160071744866,3
Influenza_Study,United States of America,INF_ALL,Block,0.5,SAITS,729.2997695736487,0.4764428065530508,3
Influenza_Study,United States of America,INF_ALL,Point,0.1,LOCF,1441.7576784081757,5.96892000679231,3
Influenza_Study,United States of America,INF_ALL,Point,0.1,Linear,1408.2394390599802,2.7275772688594424,3
Influenza_Study,United States of America,INF_ALL,Point,0.1,SAITS,1717.5904929370954,5.390227194089012,3
Influenza_Study,United States of America,INF_ALL,Point,0.3,LOCF,1552.1113291317597,3.0290329755614,3
Influenza_Study,United States of America,INF_ALL,Point,0.3,Linear,1489.5128464084119,2.1868441044014713,3
Influenza_Study,United States of America,INF_ALL,Point,0.3,SAITS,485.64742466370444,3.226920289358763,3
Influenza_Study,United States of America,INF_ALL,Point,0.5,LOCF,1093.814102627337,1.5095579786520466,3
Influenza_Study,United States of America,INF_ALL,Point,0.5,Linear,134.10794017836452,0.6349885462071836,3
Influenza_Study,United States of America,INF_ALL,Point,0.5,SAITS,443.9074473309993,0.8377271885010843,3
Influenza_Study,United States of America,INF_ALL,Sequence,0.1,LOCF,2029.4961777888238,2.3563539513451577,3
Influenza_Study,United States of America,INF_ALL,Sequence,0.1,Linear,980.9759358114097,2.7876784108783714,3
Influenza_Study,United States of America,INF_ALL,Sequence,0.1,SAITS,264.965644774044,0.648609426665339,3
Influenza_Study,United States of America,INF_ALL,Sequence,0.3,LOCF,1675.0732687991112,3.820793723362032,3
Influenza_Study,United States of America,INF_ALL,Sequence,0.3,Linear,942.8089688329492,1.7349901358201143,3
Influenza_Study,United States of America,INF_ALL,Sequence,0.3,SAITS,457.1504325291821,3.476013996373051,3
Influenza_Study,United States of America,INF_ALL,Sequence,0.5,LOCF,260.51237812358886,1.6836579613513913,3
Influenza_Study,United States of America,INF_ALL,Sequence,0.5,Linear,1079.8589013802818,1.6229854194418785,3
Influenza_Study,United States of America,INF_ALL,Sequence,0.5,SAITS,218.39139474477315,1.3586217537558227,3
